-- Modalidade -- 

INSERT INTO Modalidade (ESPORTE, SEXO, IDADE_MINIMA, IDADE_MAXIMA, ALTURA, PESO, TIPO_DEFICIENCIA, TITULARES, RESERVAS, REGRA_PONTUACAO) VALUES
    ('FUTEBOL', 'F', 14, 16, 'BAIXO', 'MEDIO', 'NENHUMA', 11, 5, 'V3E1D0'),
    ('VOLEI', 'M', 16, 18, 'ALTO', 'QUALQUER', DEFAULT, 5, 2, 'V3E1D0'),
    ('NATACAO', 'F', 17, 18, DEFAULT, 'QUALQUER', 'VISUAL', 1, 0, 'V1E0D0'),
    ('JUDO', 'M', 10, 12, 'MUITO BAIXO', 'QUALQUER', 'INTELECTUAL', 1, DEFAULT, 'V1E0D0'),
    ('FUTEBOL', 'M', 13, 14, 'BAIXO', 'QUALQUER', 'NENHUMA', 11, 5, 'V3E1D0');

-- Modalidade_desportiva --

INSERT INTO Modalidade_desportiva(ID) VALUES
    (1),
    (2),
    (5);

-- Modalidade_paradesportiva --

INSERT INTO Modalidade_paradesportiva(ID) VALUES
    (3),
    (4);

-- Adaptacoes --

INSERT INTO Adaptacoes (ID_MODALIDADE, ADAPTACAO) VALUES
    (3, 'GUIA AUXILIAR'),
    (3, 'OCULOS ESPECIAL'),
    (4, 'CAPACETE');

-- Medidas_oficiais --

INSERT INTO Medidas_oficiais(ID_MODALIDADE, EQUIPAMENTO_CIRCUITO, MEDIDA) VALUES
    (2, 'ALTURA DA REDE', 02.10),
    (2, 'LARGURA QUADRA', 20.50),
    (1, 'ALTURA DA REDE', 02.15),
    (1, 'RAIO BOLA (CM)', 15.00);

-- Funcoes --

INSERT INTO Funcoes(CPF, FUNCAO) VALUES
    ('11111111111', 'P'),
    ('22222222222', 'E'),
    ('33333333333', 'E'),
    ('44444444444', 'A'),
    ('55555555555', 'A'),
    ('66666666666', 'P'),
    ('77777777777', 'E');

-- Estundante -- 

INSERT INTO Estudante(CPF, NOME, ALTURA, PESO, SEXO, IDADE, TIPO_DEFICIENCIA) VALUES
    ('22222222222', 'ISAAC NEWTON', 'BAIXO', 'PESADO', 'M', 12, DEFAULT),
    ('33333333333', 'EDSON ARANTES DO NASCIMENTO', 'MUITO BAIXO', 'MUITO PESADO', 'M', 17, 'VISUAL'),
    ('77777777777', 'MARIE CURIE', 'ALTO', 'MEDIO', 'F', '18', 'NENHUMA');

-- Professor --

INSERT INTO Professor(CPF, NOME, DISCIPLINA) VALUES
    ('11111111111', 'PEDRO ALVARES CABRAL', 'PORTUGUES'),
    ('66666666666', 'MARILYN MONROE', 'GEOGRAFIA');

-- Arbitro --

INSERT INTO Arbitro(CPF, NOME, CIDADE) VALUES
    ('44444444444', 'ABRAHAM LINCOLN', 'SAO CARLOS'),
    ('55555555555', 'CRISTIANO RONALDO AVEIRO', 'BELO HORIZONTE');

-- Escola --

INSERT INTO Escola(ANO, CODIGO_INEP_MEC, CIDADE, PONTUACAO_GERAL) VALUES
    (2023, '11111111', 'ARARAQUARA', 33),
    (2024, '11111111', 'ARARAQUARA', DEFAULT),
    (2024, '22222222', 'SAO CARLOS', DEFAULT),
    (2022, '33333333', 'SAO PAULO', 45);

-- Local --

INSERT INTO Local(CIDADE, BAIRRO, RUA, NUMERO, CAPACIDADE) VALUES 
    ('CAMPINAS', 'LIMOEIRO', 'JOSE DE ALENCAR', 192, 500),
    ('SAO PAULO', 'MORUMBI', 'MACHADO DE ASSIS', 999, 145),
    ('SAO CARLOS', 'SANTA ANGELINA', 'AYRTON SENNA', 123, 1000);

-- Competição --

INSERT INTO Competicao(ID_MODALIDADE, ANO, ETAPA, PREMIACAO, REGRA_COLOCACAO, FINALIZADA) VALUES
    (1, 2023, 'REGIONAL', 100, 'PONTOS', TRUE),
    (2, 2023, 'ESTADUAL', DEFAULT, 'PLAYOFFS', TRUE),
    (3, 2023, 'SUBREGIONAL', 3000, 'UNICO', TRUE),
    (4, 2023, 'REGIONAL', 400, 'PLAYOFFS', TRUE),
    (5, 2024, 'REGIONAL', 0, 'PONTOS', TRUE);

-- Jogo --

INSERT INTO Jogo(DATA_JOGO, HORARIO, CIDADE, BAIRRO, RUA, NUMERO, ID_COMPETICAO, ARBITRO, FASE, TEMPO_DE_JOGO, PUBLICO) VALUES
    ('2023-01-01', '10:00', 'CAMPINAS', 'LIMOEIRO', 'JOSE DE ALENCAR', 192, 1, '44444444444', 'GRUPOS', '01:30', 38),
    ('2023-01-02', '4:00', 'SAO PAULO', 'MORUMBI', 'MACHADO DE ASSIS', 999, 13, '44444444444', 'QUARTAS', '2:34', 12);

-- Participacao --

INSERT INTO Equipe(ID_MODALIDADE, ANO, CODIGO_INEP_MEC, NOME) VALUES
    (1, 2023, '11111111', 'CIENTIFICAS'),
    (2, 2024, '11111111', 'MALUQUINHOS'),
    (3, 2022, '33333333', 'CONTRA A MARE');
